iter	MultiClass
0	1.380475699
1	1.374089302
2	1.367950815
3	1.362151868
4	1.356503371
5	1.350761484
6	1.344782257
7	1.339469969
8	1.334137456
9	1.329338064
10	1.32444191
11	1.319331883
12	1.314410032
13	1.3100665
14	1.305364964
15	1.300683846
16	1.29631047
17	1.291570264
18	1.287555701
19	1.283481099
20	1.279520273
21	1.275466101
22	1.271746618
23	1.268219977
24	1.264546586
25	1.260948658
26	1.257362778
27	1.253880914
28	1.250271676
29	1.247103192
